pair_id,label_same_person,lr_marks,display_correspondences,scoring_correspondences,generic_suppressed,distinctive_preserved,lr_before_caps,lr_after_all_caps,cluster_penalty
lfw_matched_0007,True,1.0,9,7,2,7,330586099.6577202,1.0,True
lfw_matched_0012,True,1.0,0,0,0,0,,,False
lfw_matched_0030,True,1.0,9,8,1,8,123495816321.40923,1.0,True
lfw_matched_0043,True,1.0,8,7,1,7,1116363052.2436337,1.0,True
lfw_matched_0053,True,1.0,5,5,0,5,9765625.0,1.0,True
lfw_matched_0061,True,3.6238983183884783,1,1,0,1,25.0,3.6238983183884783,True
lfw_matched_0069,True,1.0,9,9,0,9,65796078039.23154,1.0,True
lfw_matched_0074,True,1.0,6,5,1,5,390625.0,1.0,True
lfw_matched_0080,True,1.0,4,3,1,3,15625.0,1.0,True
lfw_matched_0088,True,1.0,6,6,0,6,1193469.0060456689,1.0,True
lfw_mismatched_0035,False,1.0,5,4,1,4,2781.798698637923,1.0,True
lfw_mismatched_0044,False,1.0,11,11,0,11,6208657055633.072,1.0,True
lfw_mismatched_0060,False,1.0,5,5,0,5,2147333.018816072,1.0,True
lfw_mismatched_0066,False,1.0,12,11,1,11,2384185791015625.0,1.0,True
lfw_mismatched_0076,False,1.0,5,4,1,4,390625.0,1.0,True
lfw_mismatched_0092,False,1.0,9,8,1,8,61788311.01950368,1.0,True
lfw_mismatched_0098,False,1.0,4,4,0,4,390625.0,1.0,True
lfw_matched_0003,True,1.0,6,5,1,5,9765625.0,1.0,True
lfw_matched_0011,True,1.0,8,8,0,8,120291349561.46832,1.0,True
lfw_matched_0024,True,1.0,5,3,2,3,15625.0,1.0,True
lfw_matched_0051,True,8.266518236458811,2,2,0,2,130.74465983162386,8.266518236458811,True
lfw_matched_0058,True,1.0,4,4,0,4,328568.28087393986,1.0,True
lfw_matched_0073,True,1.0,5,4,1,4,390625.0,1.0,True
lfw_matched_0079,True,1.0,5,5,0,5,9765625.0,1.0,True
lfw_matched_0085,True,3.6238983183884783,1,1,0,1,25.0,3.6238983183884783,True
lfw_mismatched_0002,False,1.0,4,4,0,4,367876.1016123998,1.0,True
lfw_mismatched_0013,False,1.0,10,10,0,10,76095617633735.38,1.0,True
lfw_mismatched_0031,False,1.0,5,5,0,5,9765625.0,1.0,True
lfw_mismatched_0041,False,1.0,12,11,1,11,2203381652687904.2,1.0,True
lfw_mismatched_0049,False,1.0,7,7,0,7,6099556705.529848,1.0,True
lfw_mismatched_0059,False,1.0,4,4,0,4,19652.275449610126,1.0,True
lfw_mismatched_0075,False,1.0,7,7,0,7,3568978273.8721766,1.0,True
lfw_mismatched_0090,False,1.0,5,5,0,5,1472960.893012388,1.0,True
lfw_mismatched_0097,False,1.0,6,5,1,5,9765625.0,1.0,True
lfw_matched_0009,True,1.0,4,4,0,4,390625.0,1.0,True
lfw_matched_0015,True,1.0,13,12,1,12,1.4340383854647796e+16,1.0,True
lfw_matched_0037,True,1.0,9,8,1,8,6103515625.0,1.0,True
lfw_matched_0047,True,1.0,7,5,2,5,6896995.650223505,1.0,True
lfw_matched_0056,True,1.0,4,4,0,4,390625.0,1.0,True
lfw_matched_0065,True,1.0,5,5,0,5,7650201.598648437,1.0,True
lfw_matched_0083,True,1.0,0,0,0,0,,,False
lfw_matched_0091,True,1.0,3,2,1,2,625.0,1.0,True
lfw_mismatched_0009,False,1.0,4,3,1,3,15625.0,1.0,True
lfw_mismatched_0046,False,1.0,3,2,1,2,625.0,1.0,True
lfw_mismatched_0057,False,1.0,7,6,1,6,10968443.933701023,1.0,True
lfw_mismatched_0062,False,1.0,5,4,1,4,390625.0,1.0,True
lfw_mismatched_0072,False,1.0,9,8,1,8,6103515625.0,1.0,True
lfw_mismatched_0088,False,1.0,7,7,0,7,2238390675.7565446,1.0,True
lfw_mismatched_0094,False,1.0,5,4,1,4,266249.65310218156,1.0,True
lfw_mismatched_0101,False,1.0,9,9,0,9,3814697265625.0,1.0,True
lfw_matched_0008,True,3.2305016037385856,3,3,0,3,15625.0,3.2305016037385856,True
lfw_matched_0013,True,1.0,13,12,1,12,3063775293347436.0,1.0,True
lfw_matched_0035,True,1.0,5,5,0,5,390625.0,1.0,True
lfw_matched_0044,True,1.0,10,9,1,9,152587890625.0,1.0,True
lfw_matched_0054,True,1.0,5,4,1,4,24197.632726542863,1.0,True
lfw_matched_0062,True,1.0,9,9,0,9,2158032479499.6025,1.0,True
lfw_matched_0081,True,1.0,6,6,0,6,154094622.4253573,1.0,True
lfw_matched_0090,True,1.0,6,3,3,3,15625.0,1.0,True
lfw_mismatched_0008,False,1.0,7,7,0,7,244140625.0,1.0,True
lfw_mismatched_0036,False,1.0,5,5,0,5,11482.274519581262,1.0,True
lfw_mismatched_0045,False,1.0,11,10,1,10,1428935777636.4355,1.0,True
lfw_mismatched_0054,False,1.0,8,8,0,8,21345414864.386486,1.0,True
lfw_mismatched_0061,False,3.6238983183884783,1,1,0,1,25.0,3.6238983183884783,True
lfw_mismatched_0081,False,1.0,6,6,0,6,244140625.0,1.0,True
lfw_mismatched_0093,False,1.0,4,3,1,3,625.0,1.0,True
lfw_mismatched_0100,False,1.0,7,6,1,6,137622523.1273314,1.0,True
lfw_matched_0002,True,1.0,11,10,1,10,115646502673.50143,1.0,True
lfw_matched_0010,True,1.0,8,7,1,7,3925208.2170742075,1.0,True
lfw_matched_0018,True,1.0,5,5,0,5,390625.0,1.0,True
lfw_matched_0049,True,1.0,3,3,0,3,15625.0,1.0,True
lfw_matched_0057,True,1.0,5,5,0,5,9765625.0,1.0,True
lfw_matched_0066,True,1.0,12,9,3,9,5095976358.064995,1.0,True
lfw_matched_0078,True,1.0,7,5,2,5,22271.950962600524,1.0,True
lfw_matched_0084,True,1.0,4,4,0,4,625.0,1.0,True
lfw_mismatched_0001,False,1.0,8,7,1,7,12248140.115632724,1.0,True
lfw_mismatched_0011,False,1.0,9,6,3,6,1795379.7658194734,1.0,True
lfw_mismatched_0023,False,1.0,5,5,0,5,158793.29641101262,1.0,True
lfw_mismatched_0040,False,1.0,8,8,0,8,244140625.0,1.0,True
lfw_mismatched_0047,False,1.0,4,4,0,4,390625.0,1.0,True
lfw_mismatched_0058,False,1.0,8,7,1,7,158403593.7774447,1.0,True
lfw_mismatched_0063,False,1.0,6,6,0,6,244140625.0,1.0,True
lfw_mismatched_0074,False,1.0,7,4,3,4,15625.0,1.0,True
lfw_mismatched_0089,False,50.476587558415446,2,2,0,2,115.72379734104781,50.476587558415446,True
lfw_mismatched_0095,False,1.0,5,4,1,4,390625.0,1.0,True
